Area001,Area002,Area038
Area002,Area001,Area003
Area003,Area002,Area004
Area004,Area003,Area005
Area005,Area004,Area006
Area006,Area005,Area007,Area009
Area007,Area006,Area008
Area008,Area007,Area011
Area009,Area006,Area010
Area010,Area009,Area011
Area011,Area008,Area010,Area012
Area012,Area011,Area013
Area013,Area012,Area014
Area014,Area013,Area015
Area015,Area014,Area016
Area016,Area015,Area017,Area039
Area017,Area016,Area018
Area018,Area017,Area019
Area019,Area018,Area020
Area020,Area019,Area021
Area021,Area020,Area022
Area022,Area021,Area023
Area023,Area022,Area024
Area024,Area023,Area025,Area039
Area025,Area024,Area026
Area026,Area025,Area027
Area027,Area026,Area028
Area028,Area027,Area029
Area029,Area028,Area030
Area030,Area029,Area031
Area031,Area030,Area032
Area032,Area031,Area033
Area033,Area032,Area034
Area034,Area033,Area035
Area035,Area034,Area036
Area036,Area035,Area037
Area037,Area036,Area038
Area038,Area001,Area037
Area039,Area016,Area024
